SOURCE,SOURCE_BRO,TARGET,TARGET_BRO,MODE,EPOCHS,ITER,SIZE,seconds,sourcecpu,sourcemem,targetcpu,targetmem
10.0.0.1,True,10.0.0.3,True,par,5,1000,5,23.78,11.516190476190477,58394.09523809524,5.6075,59268.5
10.0.0.2,False,10.0.0.3,True,par,5,1000,5,23.85,0.0,0.0,5.6075,59268.5
10.0.0.1,True,10.0.0.3,True,par,5,1000,5,24.26,11.216818181818184,59758.36363636364,5.862222222222223,64043.555555555555
10.0.0.2,False,10.0.0.3,True,par,5,1000,5,23.63,0.0,0.0,5.862222222222223,64043.555555555555
